id,subreddit_id,subreddit,author,title,created_utc,ups,downs,gilded
202wd3,t5_2qh33,funny,OB1FBM,"I participated in one of the biggest Magic: the Gathering tournaments of all time this weekend. In an effort to document it, I posed for pictures near people with exposed asscracks. I present to you Grand Prix Richmond Crackstyle.",1394486034.0,38154,0,12
25blmh,t5_2qh33,funny,Theone211,This is Carter. He knocked on my door to ask if he could have a banana then left.,1399856404.0,29463,0,1
31bcsf,t5_2qh0u,pics,mossikan,I've spent the past two years shooting drone aerials around the world. Here are 38 images which would be totally illegal today.,1428073353.0,22524,0,8
92dd8,t5_2qh0u,pics,qgyh2,test post please ignore,1247924169.0,21878,0,4
xbfwb,t5_2qh33,funny,Robert_Houdin,The Bus Knight,1343516756.0,21302,0,1
43wsdi,t5_2qh1e,videos,MannschaftPilz,History of Japan,1454453449.0,20977,0,2
3cki4e,t5_2qh1e,videos,ThorleBanana,One-Minute Time Machine,1436374427.0,20092,0,0
12i4he,t5_2qh33,funny,slapshotten11,I live in the same valley as Adam West. I decided to look him up in the phone book today.,1351836670.0,18801,0,0
2a7sdc,t5_2s7tt,AdviceAnimals,notaknowngiverofucks,As a former fat man who still exhibits fat-man behavior at Chipotle.,1404883951.0,18477,0,2
11jzqc,t5_2qh1e,videos,LowPEZ,This guy is a reporter on Fox 2 here in Detroit. His name is Charlie LeDuff. He is fucking awesome.,1350362158.0,17373,0,0
3agt5f,t5_2qh1e,videos,buddythebear,Dude builds a pretty impressive shelter in the wilderness with nothing but his bare hands.,1434763082.0,17035,0,1
253qtl,t5_2qh1e,videos,medabeR,This animated short about a lazy guy in outer space is pretty hilarious.,1399609245.0,16859,0,0
2gejnr,t5_2qh0u,pics,caliform,"Got divorced, lost my job, so me and my buddy got on our motorcycles and rode North to the Alaskan Arctic until the road ran out.",1410732000.0,16821,0,14
2pvojg,t5_2qt55,gifs,charlietheflytrap,MERRY CHRISTMAS from Charlie the venus flytrap!!!,1419076618.0,16336,0,1
4211v1,t5_2qh1e,videos,tahoejuggler,A guy in purgatory gets the answers to as many questions as he can ask in one minute,1453397748.0,16098,0,1
47s9en,t5_2qh0u,pics,lubeskystalker,When you find a sandbar in the middle of the ocean...,1456530417.0,15348,0,2
2cfy08,t5_2qh1e,videos,BedSideCabinet,A couple of friends of mine are currently on holiday in America. This is their first day.,1407005887.0,15138,0,6
2vuffa,t5_2qqjc,todayilearned,Ze_maestro,"TIL most Japanese schools do not employ janitors or custodians. The Japanese education system believes that requiring students to clean the school themselves teaches respect, responsibility, and emphasizes equality.",1423889024.0,15063,0,0
2l0shr,t5_2qh1e,videos,Ueland,How daylight savings affects us in the north,1414886520.0,15061,0,1
13q31c,t5_2qh33,funny,CasinoRoy,"After searching FB for people with the same name as me, I'd replicate their profile pic, make it my own and send them a friend request. Here are the pics",1353784867.0,14886,0,0
3g1jfi,t5_2qh33,funny,mathild4,Buttons,1438890026.0,14816,0,0
3hksrp,t5_2qh0u,pics,45Vladimir,this is khaled assad. Isis militants just beheaded him and hung his body in the square because he refused to reveal where they had hidden Palmyra Antiques,1439987925.0,14736,0,0
3i4twv,t5_2qqjc,todayilearned,dsquard,"TIL at a Marine Mammal Studies Institute, dolphins were trained to turn in trash that fell into the pools in exchange for fish. One dolphin was smart enough to hide pieces of paper under a rock, tearing off smaller pieces from the paper in order to get more fish out of it.",1440371507.0,14677,0,0
117av1,t5_2qh0u,pics,ChrisHardwick,I sent Tom Hanks a 1934 Smith Corona typewriter with a typed invitation to come on my podcast. This was his response.,1349800764.0,14560,0,0
4ayu4m,t5_2qh0u,pics,Noerdy,Glowing Base Of Tree Made By Arranging Leaves,1458315553.0,14518,0,1
2e3i50,t5_2qh1o,aww,exitstrateG,French bulldog puppy jumps into his owner's arms. Shows no hesitation second time around.,1408554560.0,14490,0,1
3fzpx5,t5_2qqjc,todayilearned,Death_Star_,"TIL that a newspaper posted a poll asking readers if watching Blackfish -- a documentary critical of SeaWorld for keeping orcas captive -- changed their opinions of SeaWorld. The results were ""No."" It was later revealed that 55% of the votes came from a single IP-address . . . hosted by SeaWorld",1438859932.0,14422,0,0
3hcofa,t5_2qt55,gifs,PussyWhistle,A gorilla's gentle reminder that he could easily kill you,1439839916.0,14227,0,0
13wml3,t5_2qh33,funny,iSpellBadly,Babe caught me slippin'.,1354064288.0,14146,0,0
3gbuop,t5_2qh33,funny,j1ggy,Smooth,1439104835.0,13964,0,0
3hlmik,t5_2qh0u,pics,reddituser0666,"turns out, it's pretty cool having one-way windows at the office...",1440001100.0,13572,0,0
3h48tc,t5_2qh0u,pics,Roland_D_Of_Gilead,The Tianjin crater,1439662096.0,13475,0,0
3g4dqh,t5_2qh03,gaming,Isai76,This is what happens when Vader finds you in Battlefront,1438949532.0,13461,0,0
3g46d6,t5_2qh0u,pics,raytrace75,Mount Fuji seen from the International Space Station.,1438943953.0,13418,0,0
32m5j0,t5_2qh33,funny,yllwsnow2,My friend was drunk and on Xanax when he decided to tattoo a black face Charmander with no experience or artistic ability. The flame saves it.,1429049357.0,13379,0,1
3qntft,t5_2qt55,gifs,Noerdy,That hop at the end...,1446092193.0,13328,0,0
3gctpm,t5_2qh61,WTF,iBleeedorange,Tornado on the road,1439133559.0,13188,0,0
3gcoxu,t5_2qh1e,videos,Gnovaa,AYA!,1439130809.0,13040,0,1
48klsm,t5_2qh1e,videos,quitthecircuit,"Musical Marble Machine. MIND BLOWN! Man builds real life Animusic music box. (Wintergatan, Martin Molin).",1456894178.0,12990,0,0
97jht,t5_2qh33,funny,prehack,I hate my job...,1249419729.0,12961,0,0
ux56w,t5_2qh33,funny,ProRustlinFederation,When I found out I could upvote by pressing 'A',1339464449.0,12946,0,0
2bxahe,t5_2qh1e,videos,HohD2W,THIS MAN!,1406529779.0,12926,0,0
1sagl9,t5_2qh0u,pics,Sandite5,"My grandpa, my dad, and myself. Making three generations of wives worried sick.",1386383829.0,12887,0,0
3hwauh,t5_2qt55,gifs,j0be,Giant red ball from an art installation broke free in Toledo,1440191666.0,12887,0,0
35uyik,t5_2qh33,funny,redditfresher,Dad Instincts,1431543315.0,12878,0,1
2y2o21,t5_2qh0u,pics,AlexanderBlum,Garbagemen taking a break.,1425595279.0,12758,0,0
29u21l,t5_2qh33,funny,,Ever fuck up so bad you had to mop up rain?,1404489993.0,12689,0,0
11runh,t5_2qh1e,videos,Buddhas_Buddha,Preacher speaks out against gay rights and then...wait for it.,1350687951.0,12645,0,0
3bac6h,t5_2qh1o,aww,peepay,Kitten makes friends with cameraman,1435392245.0,12473,0,1
3n2eq6,t5_2qh0u,pics,gizzoojr,Panorama experimentation. This time with two right angles,1443676156.0,12454,0,0
3dcvps,t5_2qh1e,videos,nakul91,"""We didn't even know how you vanished the motherfucking marker."" Penn&Teller S2.",1436945707.0,12455,0,0
3hl59i,t5_2qqjc,todayilearned,Prehistoricshark,TIL that Adidas will cancel any sponsorship deal they have with a player if it turns out he has anything to do with Scientology,1439994047.0,12447,0,0
3ypxhz,t5_2qh1e,videos,slapded,Uh..Thanks for the great pizza making tip bro.,1451434855.0,12445,0,0
2n1t47,t5_2qh0u,pics,fryd_,70s Lego had the right idea,1416626130.0,12406,0,0
owx3v,t5_2qh33,funny,frackyou,So my little cousin posted on FB that he was bored and gave everyone his new phone number... (pic),1327541224.0,12333,0,1
3gv8v9,t5_2qh1e,videos,mitchnutter,"Without question, the best video of the Tianjin explosion.",1439484370.0,12255,0,0
3gfvkj,t5_2qt55,gifs,StraightOuttaMypos,Jack Nicholson getting pumped for the big scene in 'The Shining'.,1439192448.0,12236,0,0
3i9d43,t5_2qh1o,aww,kelldog24,Nice to have a buddy when you're down & out,1440455788.0,12074,0,0
3ifw3v,t5_2qh0u,pics,Pontus_Pilates,The bridge between Denmark and Sweden dips into a tunnel,1440575020.0,12062,0,0
uxpil,t5_2qh03,gaming,Lycerius,I've been playing the same game of Civilization II for almost 10 years. This is the result. ,1339494005.0,12062,0,1
3g38gy,t5_2qh1o,aww,natsdorf,Farm Dog Level: Expert,1438918925.0,12056,0,0
4avzqc,t5_2qh0u,pics,UniverseGuyD,There's an irony in ignoring your college professor's lecture to play a game where you serve fast-food to people for fun,1458261378.0,12035,0,1
3o19ec,t5_2qh1e,videos,LukesInstinct,This game has one player try to defuse a bomb while the other players ('experts') read the bomb's manual and tell the defuser what to do. Watch as this player talks to multiple experts at the same time in one of the tensest moments I have ever seen.,1444346347.0,11911,0,0
2dnbbz,t5_2qh1e,videos,crimrob,A sad day indeed - the original Rick Roll video has finally been taken down from YouTube from a copyright claim.,1408121318.0,11905,0,32
rrew0,t5_2qh0u,pics,TheKoG,"My friend calls him ""Mr Ridiculously Photogenic Guy""",1333472929.0,11905,0,0
3hhs0r,t5_2qh1o,aww,mattythedog,Dog is excited to help his tiny human,1439930274.0,11893,0,0
3g8fs5,t5_2qt55,gifs,laurel_L,Just a Truck Driver being a bro,1439032560.0,11810,0,0
4as8yd,t5_2qt55,gifs,HackerMcCracker,Speed Onion Chopping (in hand),1458207417.0,11795,0,0
3toynw,t5_2qh0u,pics,need1more,Superman in the 50's,1448114648.0,11728,0,2
3q0ttl,t5_2qh33,funny,woma,Lazy bird taking a train,1445688335.0,11720,0,1
3hgons,t5_2qh1e,videos,TrollologistMD,"How ""oldschool"" graphics worked.",1439915136.0,11699,0,0
3hahrw,t5_2qh33,funny,your_local_librarian,Ba Dum Tsss,1439797480.0,11702,0,0
138t2s,t5_2qh33,funny,AlphaF,"Mom was worried about my trip to the Grand Canyon, I sent her this picture.",1352995819.0,11698,0,0
2kwaz8,t5_2qh0u,pics,PassTheSyrup,Weatherman's amazing Halloween costume,1414773005.0,11609,0,0
3hwvn9,t5_2qh61,WTF,GimmeWafflez,My dad's tortoise killed and ate a rattle snake,1440201479.0,11599,0,0
42key1,t5_2qh1e,videos,samwitch645,"Kid completed Bark at the moon on Guitar Hero 100%, but youtube took it down due to copyright issues. Kid reuploaded it with the problem solved.",1453710286.0,11590,0,3
1urkrf,t5_2qh1o,aww,MrMiller,My cat has one foggy eye. Add a bow tie and he instantly becomes a James Bond villain.,1389235408.0,11577,0,0
2tea47,t5_2qh1e,videos,Flyswatterz,Absolutely incredible archery skills,1422014740.0,11560,0,0
43490c,t5_2qh1e,videos,Austin_Rivers,"The Fine Bros from Youtube are now attempting to copyright ""reaction videos"" (something that has existed before they joined youtube) and are claiming that other reaction videos are infringing on their intellectual property",1454001497.0,11543,0,2
3g6x23,t5_2qt55,gifs,pepsi_next,In the end they are all just cats,1438993039.0,11537,0,0
28a5e5,t5_2qh33,funny,imjustadude90,Stephen Hawking and John Oliver,1402928967.0,11523,0,0
4ashfl,t5_2qh1e,videos,CarlosWeiner,"In 2010, the Cuyahoga County Recorder's Office in Ohio was sued when it decided to charge $2 per page for photocopies of public documents. The following scene is a deposition from that court case. The dialogue is presented verbatim.",1458213383.0,11484,0,0
1l88zu,t5_2qh0u,pics,spcbackacker,Didn't expect my fortune cookie to be so insightful.,1377652375.0,11465,0,0
1n0fe9,t5_2qh03,gaming,,Black Man Gamer Problems,1379997885.0,11413,0,1
3gftvx,t5_2qh03,gaming,Quiz_Group,"When Far Cry 4 goes right, it goes so, so right",1439190969.0,11405,0,0
1uqosw,t5_2qh03,gaming,silverwolfer,Tech Demo based on forced perspective... the new portal,1389215807.0,11400,0,0
2yqkp9,t5_2qqjc,todayilearned,Meunderwears,"TIL of a Malawian teenager who taught himself how to build a windmill out of junk and bring power to his village. He then went on to build a second, larger windmill to power irrigation pumps. He did this all from books he read in the library.",1426118424.0,11342,0,1
4apfpu,t5_2qh33,funny,Jeff9Man,The best customer answer on Amazon,1458157151.0,11305,0,1
2uv3rv,t5_2qh1e,videos,DesignerCat,"""Stop a Douchebag""-Squad keeping Russia's sidewalks free of douchy drivers, brilliant!",1423137649.0,11290,0,2
3g0vgm,t5_2qqjc,todayilearned,Guad12,"TIL millionaire Michael O'Leary, CEO of airline Ryanair, has his own taxicab company with just one cab so he can legally use the bus lanes and avoid traffic jams",1438880323.0,11288,0,0
3gcbqn,t5_2qh33,funny,sashslingingslasher,"I don't live in a great a neighborhood. Thanks, USPS.",1439120775.0,11287,0,0
3xwp1q,t5_2qh1e,videos,ThePsudoOne,Taco shop near my house got robbed last week. They put out this awesome video.,1450834129.0,11246,0,0
15jsla,t5_2qh33,funny,mangipng,You won't escape an awkward situation by ripping off this label.,1356658936.0,11197,0,0
3h09gp,t5_2qh1e,videos,PMmeYourNoodz,"Man lip syncs his heart out during a 7-hour road trip, sister will have none of it",1439577196.0,11183,0,0
3i2x5b,t5_2qt55,gifs,darinda777,Kid is a savage,1440339166.0,11176,0,0
2mq5r3,t5_2qh0u,pics,DonTago,"This stunning ancient Greek floor mosaic was just excavated in southern Turkey, near the Syrian border.",1416360851.0,11150,0,0
3gypv9,t5_2qh1o,aww,natsdorf,A Lion cub loves his caretaker.,1439551019.0,11052,0,0
3hc6u5,t5_2qh61,WTF,BigJ76,Guy doesn't care about traffic,1439832853.0,11032,0,0
43ye2x,t5_2qh0u,pics,one23abc,"When I was little, my brother and I loved card games like pokemon and yugi-oh, but we were too poor to buy them. So we made our own card game.",1454476809.0,11033,0,5
3855if,t5_2qt55,gifs,SorryForMyEnglish,Drunk guy using the ATM,1433198884.0,11001,0,0
